{
	"version": 1,
	"changelists": [
		{
			"guid": "00000000000000000000000000000000",
			"description": "Default Uncontrolled Changelist",
			"files": [
				"C:/Users/Victor/Desktop/InfiniteMatrixStarter/Content/InfiniteMatrix/Blueprints/BP_Player.uasset",
				"C:/Users/Victor/Desktop/InfiniteMatrixStarter/Content/InfiniteMatrix/Maps/TutorialMap.umap",
				"C:/Users/Victor/Desktop/InfiniteMatrixStarter/Content/InfiniteMatrix/Blueprints/BP_TunnelSpawner.uasset",
				"C:/Users/Victor/Desktop/InfiniteMatrixStarter/Content/InfiniteMatrix/Blueprints/BP_Tunnel.uasset",
				"C:/Users/Victor/Desktop/InfiniteMatrixStarter/Content/InfiniteMatrix/UI/WBP_Restart.uasset",
				"C:/Users/Victor/Desktop/InfiniteMatrixStarter/Content/InfiniteMatrix/UI/HealthBar.uasset",
				"C:/Users/Victor/Desktop/InfiniteMatrixStarter/Content/InfiniteMatrix/UI/C_HealthBar.uasset",
				"C:/Users/Victor/Desktop/InfiniteMatrixStarter/Content/InfiniteMatrix/Meshes/SM_HealthPack.uasset",
				"C:/Users/Victor/Desktop/InfiniteMatrixStarter/Content/InfiniteMatrix/Meshes/SM_Projectile.uasset",
				"C:/Users/Victor/Desktop/InfiniteMatrixStarter/Content/InfiniteMatrix/Meshes/SM_Enemy.uasset",
				"C:/Users/Victor/Desktop/InfiniteMatrixStarter/Content/InfiniteMatrix/Blueprints/BP_Healthpack.uasset",
				"C:/Users/Victor/Desktop/InfiniteMatrixStarter/Content/InfiniteMatrix/Blueprints/BP_Enemy.uasset",
				"C:/Users/Victor/Desktop/InfiniteMatrixStarter/Content/InfiniteMatrix/Blueprints/BP_Projectile.uasset"
			]
		}
	]
}